rmse_log,mae_log,mape_pct,r_squared
0.43034897205195649,0.26774574103628518,24.491916902177906,0.69696403262598772
