mean_absolute_error,mean_squared_error,mean_squared_log_error,median_absolute_error,r2_score,explained_variance
0.26774574103628523,0.18520023774617567,0.0035063000629902952,0.17844430731413485,0.67773412501836927,0.69696403262598761
